100,478-3586-1-ND
100,399-7456-1-ND
100,718-1720-1-ND
100,399-7758-1-ND
100,160-1179-1-ND
100,478-7800-1-ND
50,S9186-ND
50,S9185-ND
20,P200KAACT-ND
20,P300LCT-ND
100,P205KLCT-ND
100,P110KLCT-ND
100,P137KLCT-ND
20,WM9852-ND
100,ED90331-ND
20,MAX4215ESA+-ND
50,296-11622-ND
20,CP-063AH-ND
4,T1200-P5P-ND
20,S9185-ND
40,S9186-ND
40,AKC14H-ND
20,AKC10H-ND
20,296-38457-1-ND
20,296-38458-1-ND
20,296-38459-1-ND
20,296-38460-1-ND
100,P47.5KLCT-ND
100,P26.1KLCT-ND
100,P33.2KLCT-ND
